service,time,lastupdated
visitor_inside_canada / visitor_inside_canada,11 days,
visitor_extension / visitor_extension,370 days,
study_extension / study_extension,59 days,
work_extension / work_extension,112 days,
iec / iec,6 weeks,
iec / iec_past,Not enough data,
eta / eta,5 minutes,
fed_skilled_trades / skilled_trades_ee,Not enough data,
citizenship / cit_resumption,Not enough data,
citizenship / cit_renunciation,4 months,
citizenship / cit_search,19 months,
citizenship / cit_adoption_part1,Part 1: 4 months,
pr_card / new_pr,33 days,
pr_card / existing_pr,38 days,
rep_documents / vos,16 weeks,
rep_documents / replacement,11 weeks,
rep_documents / amend_imm,13 weeks,
rep_documents / amend_tr,9 weeks,
sawp / sawp_current,108 days,
